{
  "partnership_and_community": {
    "organizations": [
      {
        "name": "Environmental Systems Research Institute (ESRI)",
        "website": "https://www.esri.com",
        "expertise": "Geospatial data visualization and mapping",
        "collaboration_potential": "Integrating Pavlov 3D with ArcGIS for advanced mapping projects."
      },
      {
        "name": "National Geographic Society",
        "website": "https://www.nationalgeographic.org",
        "expertise": "Global environmental research",
        "collaboration_potential": "Field testing devices in biodiversity hot spots."
      },
      {
        "name": "Raspberry Pi Foundation",
        "website": "https://www.raspberrypi.org",
        "expertise": "Affordable microcomputing hardware",
        "collaboration_potential": "Using Raspberry Pi units for handheld tactile keyboards and data hubs."
      }
    ],
    "communities": [
      {
        "name": "Hackaday",
        "website": "https://hackaday.com",
        "focus": "Open-source hardware innovation",
        "collaboration_potential": "Sharing designs and gathering feedback for device prototypes."
      },
      {
        "name": "OpenStreetMap",
        "website": "https://www.openstreetmap.org",
        "focus": "Crowdsourced global mapping",
        "collaboration_potential": "Integrating GPS data directly into the open database."
      },
      {
        "name": "Thingiverse",
        "website": "https://www.thingiverse.com",
        "focus": "3D printing community",
        "collaboration_potential": "Developing custom sensor enclosures and ergonomic hardware designs."
      }
    ],
    "historic_events": [
      {
        "name": "USB-C Standardization (European Union Decision)",
        "year": 2022,
        "impact": "Streamlined hardware compatibility for IoT devices.",
        "lesson": "Decisive policies can simplify global technology adoption."
      },
      {
        "name": "FastAPI Growth",
        "year": 2018-2025,
        "impact": "Rapid development of Python REST APIs with modern features.",
        "lesson": "Open-source frameworks drive innovation when paired with supportive communities."
      },
      {
        "name": "IoT Industrial Revolution",
        "years": "2015-2025",
        "impact": "Integration of sensors and devices across industries.",
        "lesson": "Interoperability is key to widespread adoption."
      }
    ],
    "technical_inspiration": [
      {
        "name": "Bosch IoT Suite",
        "website": "https://www.bosch-iot-suite.com",
        "focus": "Industrial IoT applications",
        "potential_insights": "Scalable IoT solutions for rugged environments."
      },
      {
        "name": "Azure IoT",
        "website": "https://azure.microsoft.com/en-us/services/iot-hub/",
        "focus": "Cloud-based IoT management",
        "potential_insights": "Designing scalable IoT frameworks for device connectivity."
      },
      {
        "name": "Dojo Five",
        "website": "https://dojofive.com",
        "focus": "Embedded firmware development",
        "potential_insights": "Efficient tools for firmware engineering and device updates."
      }
    ],
    "additional_resources": [
      {
        "name": "IEEE IoT Standards",
        "website": "https://standards.ieee.org",
        "focus": "Global IoT protocols",
        "application": "Ensuring compatibility and security for device ecosystems."
      },
      {
        "name": "Digi-Key Electronics",
        "website": "https://www.digikey.com",
        "focus": "Electronic components",
        "application": "Sourcing sensors and hardware for prototypes."
      },
      {
        "name": "ThingWorx",
        "website": "https://www.ptc.com/en/products/thingworx",
        "focus": "IoT application development",
        "application": "Building smart IoT networks and visualizations."
      }
    ]
  }
}